insert into public.store_categories (id, name, icon, sort_order, active)
values
  ('f79e1d1d-c6d9-4b90-b548-cd21cd6f1001', 'Lanches', '🍔', 1, true),
  ('f79e1d1d-c6d9-4b90-b548-cd21cd6f1002', 'Pizza', '🍕', 2, true),
  ('f79e1d1d-c6d9-4b90-b548-cd21cd6f1003', 'Saudável', '🥗', 3, true),
  ('f79e1d1d-c6d9-4b90-b548-cd21cd6f1004', 'Mercado', '🛒', 4, true)
on conflict (id) do nothing;

insert into public.stores (
  id,
  category_id,
  category_name,
  name,
  slug,
  tagline,
  description,
  description_long,
  cover_image_url,
  accent_color,
  delivery_fee,
  eta_min,
  eta_max,
  min_order_amount,
  rating,
  review_count,
  is_featured,
  is_open,
  active,
  sort_order,
  tags
)
values
  (
    'e7c1df1d-3b6f-4a2e-83bf-47d8dd7c2001',
    'f79e1d1d-c6d9-4b90-b548-cd21cd6f1001',
    'Lanches',
    'Brasa Burgers',
    'brasa-burgers',
    'Smash burgers, fritas trufadas e combos para dividir.',
    'Burgers de fogo alto com combos perfeitos para pedir em grupo.',
    'Uma hamburgueria de bairro com visual urbano, foco em combos e experiência rápida no app. Ideal para quem quer abrir, escolher e finalizar no celular sem atrito.',
    'https://images.unsplash.com/photo-1568901346375-23c9450c58cd?auto=format&fit=crop&w=1200&q=80',
    '#f35a22',
    6.90,
    20,
    35,
    25.00,
    4.80,
    428,
    true,
    true,
    true,
    1,
    array['Combo família']
  ),
  (
    'e7c1df1d-3b6f-4a2e-83bf-47d8dd7c2002',
    'f79e1d1d-c6d9-4b90-b548-cd21cd6f1002',
    'Pizza',
    'Forno Oro Pizza',
    'forno-oro',
    'Fermentação lenta, borda aerada e sabores autorais.',
    'Pizzas premium com massa de longa fermentação e ingredientes frescos.',
    'Uma pizzaria com atmosfera de forno à lenha e cardápio pensado para experiência digital. Destaques, promoções e categorias foram desenhadas para caber bem em tela pequena.',
    'https://images.unsplash.com/photo-1513104890138-7c749659a591?auto=format&fit=crop&w=1200&q=80',
    '#1b4d5b',
    4.90,
    25,
    40,
    35.00,
    4.90,
    521,
    true,
    true,
    true,
    2,
    array['Borda recheada', 'Promo do dia', 'Frete leve']
  ),
  (
    'e7c1df1d-3b6f-4a2e-83bf-47d8dd7c2003',
    'f79e1d1d-c6d9-4b90-b548-cd21cd6f1003',
    'Saudável',
    'Verde Casa',
    'verde-casa',
    'Bowls, wraps e pratos leves com entrega organizada.',
    'Opções leves e bem apresentadas para rotina do almoço e jantar.',
    'Marca fresca, visual claro e produtos pensados para usuário que busca decisão rápida no app. Excelente para um catálogo mais limpo e focado em combos saudáveis.',
    'https://images.unsplash.com/photo-1540189549336-e6e99c3679fe?auto=format&fit=crop&w=1200&q=80',
    '#13854f',
    3.90,
    18,
    30,
    22.00,
    4.70,
    286,
    true,
    true,
    true,
    3,
    array['Mais saudável', 'Bowls', 'Suco fresco']
  ),
  (
    'e7c1df1d-3b6f-4a2e-83bf-47d8dd7c2004',
    'f79e1d1d-c6d9-4b90-b548-cd21cd6f1004',
    'Mercado',
    'Mercato Urbano',
    'mercato-urbano',
    'Conveniência premium para pedidos rápidos no bairro.',
    'Mercado digital para itens de reposição, snacks e bebidas geladas.',
    'Um modelo de conveniência dentro do app para compras menores com recorrência. Ideal para expansão futura de catálogo e promoções por faixa horária.',
    'https://images.unsplash.com/photo-1542838132-92c53300491e?auto=format&fit=crop&w=1200&q=80',
    '#335374',
    5.50,
    12,
    22,
    18.00,
    4.60,
    133,
    false,
    false,
    true,
    4,
    array['Mercado', 'Reposição', 'Entrega expressa']
  )
on conflict (id) do nothing;

insert into public.store_banners (id, store_id, store_slug, title, subtitle, cta_label, gradient_class, sort_order, active)
values
  (
    '5341c571-4e2b-4e9d-8bdb-4322b3a53001',
    'e7c1df1d-3b6f-4a2e-83bf-47d8dd7c2001',
    'brasa-burgers',
    'Noite de combos',
    'Lojas destaque com entrega rápida e frete a partir de R$ 4,90.',
    'Explorar agora',
    'from-coral-400 via-coral-500 to-sand-500',
    1,
    true
  ),
  (
    '5341c571-4e2b-4e9d-8bdb-4322b3a53002',
    'e7c1df1d-3b6f-4a2e-83bf-47d8dd7c2004',
    'mercato-urbano',
    'Mercado do bairro',
    'Pedidos pequenos, reposição rápida e ofertas para tablet e celular.',
    'Ver ofertas',
    'from-ink-500 via-ink-700 to-ink-900',
    2,
    true
  ),
  (
    '5341c571-4e2b-4e9d-8bdb-4322b3a53003',
    'e7c1df1d-3b6f-4a2e-83bf-47d8dd7c2003',
    'verde-casa',
    'Almoço leve',
    'Bowls, wraps e sucos para quem quer pedir bem sem perder tempo.',
    'Montar pedido',
    'from-mint-500 via-mint-700 to-ink-800',
    3,
    true
  )
on conflict (id) do nothing;

insert into public.product_categories (id, store_id, name, icon, sort_order, active)
values
  ('9f0e2f4b-b9bb-4c1f-9fb6-78d181fa3001', 'e7c1df1d-3b6f-4a2e-83bf-47d8dd7c2001', 'Smash', '🔥', 1, true),
  ('9f0e2f4b-b9bb-4c1f-9fb6-78d181fa3002', 'e7c1df1d-3b6f-4a2e-83bf-47d8dd7c2001', 'Acompanhamentos', '🍟', 2, true),
  ('9f0e2f4b-b9bb-4c1f-9fb6-78d181fa3003', 'e7c1df1d-3b6f-4a2e-83bf-47d8dd7c2001', 'Bebidas', '🥤', 3, true),
  ('9f0e2f4b-b9bb-4c1f-9fb6-78d181fa3004', 'e7c1df1d-3b6f-4a2e-83bf-47d8dd7c2002', 'Clássicas', '🍕', 1, true),
  ('9f0e2f4b-b9bb-4c1f-9fb6-78d181fa3005', 'e7c1df1d-3b6f-4a2e-83bf-47d8dd7c2002', 'Autorais', '✨', 2, true),
  ('9f0e2f4b-b9bb-4c1f-9fb6-78d181fa3006', 'e7c1df1d-3b6f-4a2e-83bf-47d8dd7c2002', 'Sobremesas', '🍮', 3, true),
  ('9f0e2f4b-b9bb-4c1f-9fb6-78d181fa3007', 'e7c1df1d-3b6f-4a2e-83bf-47d8dd7c2003', 'Bowls', '🥗', 1, true),
  ('9f0e2f4b-b9bb-4c1f-9fb6-78d181fa3008', 'e7c1df1d-3b6f-4a2e-83bf-47d8dd7c2003', 'Wraps', '🌯', 2, true),
  ('9f0e2f4b-b9bb-4c1f-9fb6-78d181fa3009', 'e7c1df1d-3b6f-4a2e-83bf-47d8dd7c2003', 'Sucos', '🍊', 3, true),
  ('9f0e2f4b-b9bb-4c1f-9fb6-78d181fa3010', 'e7c1df1d-3b6f-4a2e-83bf-47d8dd7c2004', 'Snacks', '🍪', 1, true),
  ('9f0e2f4b-b9bb-4c1f-9fb6-78d181fa3011', 'e7c1df1d-3b6f-4a2e-83bf-47d8dd7c2004', 'Geladeira', '🧃', 2, true)
on conflict (id) do nothing;

insert into public.products (
  id,
  store_id,
  category_id,
  name,
  description,
  image_url,
  price,
  compare_at_price,
  prep_time_label,
  badge,
  featured,
  active,
  sort_order
)
values
  (
    '2b52fe0a-4d31-4afb-8a44-b5ce1ec24001',
    'e7c1df1d-3b6f-4a2e-83bf-47d8dd7c2001',
    '9f0e2f4b-b9bb-4c1f-9fb6-78d181fa3001',
    'Brasa Double',
    'Dois smash burgers, cheddar cremoso, cebola caramelizada e maionese da casa.',
    'https://images.unsplash.com/photo-1550547660-d9450f859349?auto=format&fit=crop&w=1000&q=80',
    32.90,
    36.90,
    '15-20 min',
    'Mais vendido',
    true,
    true,
    1
  ),
  (
    '2b52fe0a-4d31-4afb-8a44-b5ce1ec24002',
    'e7c1df1d-3b6f-4a2e-83bf-47d8dd7c2001',
    '9f0e2f4b-b9bb-4c1f-9fb6-78d181fa3001',
    'Cheese Bacon Melt',
    'Blend 160g, bacon crocante, pão brioche tostado e queijo especial.',
    'https://images.unsplash.com/photo-1571091718767-18b5b1457add?auto=format&fit=crop&w=1000&q=80',
    34.90,
    null,
    '18-24 min',
    null,
    false,
    true,
    2
  ),
  (
    '2b52fe0a-4d31-4afb-8a44-b5ce1ec24003',
    'e7c1df1d-3b6f-4a2e-83bf-47d8dd7c2001',
    '9f0e2f4b-b9bb-4c1f-9fb6-78d181fa3002',
    'Fritas Trufadas',
    'Batatas crocantes com parmesão, azeite trufado e ervas.',
    'https://images.unsplash.com/photo-1630384060421-cb20d0e0649d?auto=format&fit=crop&w=1000&q=80',
    19.90,
    null,
    '10-14 min',
    null,
    false,
    true,
    3
  ),
  (
    '2b52fe0a-4d31-4afb-8a44-b5ce1ec24004',
    'e7c1df1d-3b6f-4a2e-83bf-47d8dd7c2001',
    '9f0e2f4b-b9bb-4c1f-9fb6-78d181fa3003',
    'Soda artesanal',
    'Gengibre, limão siciliano e espuma cítrica.',
    'https://images.unsplash.com/photo-1544145945-f90425340c7e?auto=format&fit=crop&w=1000&q=80',
    12.50,
    null,
    '5 min',
    null,
    false,
    true,
    4
  ),
  (
    '2b52fe0a-4d31-4afb-8a44-b5ce1ec24005',
    'e7c1df1d-3b6f-4a2e-83bf-47d8dd7c2002',
    '9f0e2f4b-b9bb-4c1f-9fb6-78d181fa3004',
    'Margherita da Casa',
    'Molho fresco, mozzarella de búfala, pesto e tomate confit.',
    'https://images.unsplash.com/photo-1604382355076-af4b0eb60143?auto=format&fit=crop&w=1000&q=80',
    58.00,
    null,
    '20-28 min',
    null,
    true,
    true,
    1
  ),
  (
    '2b52fe0a-4d31-4afb-8a44-b5ce1ec24006',
    'e7c1df1d-3b6f-4a2e-83bf-47d8dd7c2002',
    '9f0e2f4b-b9bb-4c1f-9fb6-78d181fa3005',
    'Calábria Cremosa',
    'Calábria artesanal, cebola roxa tostada e creme de queijo.',
    'https://images.unsplash.com/photo-1594007654729-407eedc4be65?auto=format&fit=crop&w=1000&q=80',
    62.00,
    null,
    '22-30 min',
    'Destaque',
    false,
    true,
    2
  ),
  (
    '2b52fe0a-4d31-4afb-8a44-b5ce1ec24007',
    'e7c1df1d-3b6f-4a2e-83bf-47d8dd7c2002',
    '9f0e2f4b-b9bb-4c1f-9fb6-78d181fa3006',
    'Pizza doce de pistache',
    'Creme de pistache, chocolate branco e crocante de amêndoas.',
    'https://images.unsplash.com/photo-1514326640560-7d063ef2aed5?auto=format&fit=crop&w=1000&q=80',
    39.00,
    null,
    '18-22 min',
    null,
    false,
    true,
    3
  ),
  (
    '2b52fe0a-4d31-4afb-8a44-b5ce1ec24008',
    'e7c1df1d-3b6f-4a2e-83bf-47d8dd7c2003',
    '9f0e2f4b-b9bb-4c1f-9fb6-78d181fa3007',
    'Bowl Salmão Tropical',
    'Arroz japonês, salmão selado, manga, avocado e crispy de cebola.',
    'https://images.unsplash.com/photo-1547592180-85f173990554?auto=format&fit=crop&w=1000&q=80',
    41.50,
    null,
    '12-18 min',
    null,
    true,
    true,
    1
  ),
  (
    '2b52fe0a-4d31-4afb-8a44-b5ce1ec24009',
    'e7c1df1d-3b6f-4a2e-83bf-47d8dd7c2003',
    '9f0e2f4b-b9bb-4c1f-9fb6-78d181fa3008',
    'Wrap Caesar',
    'Frango crocante leve, alface romana, parmesão e molho especial.',
    'https://images.unsplash.com/photo-1626700051175-6818013e1d4f?auto=format&fit=crop&w=1000&q=80',
    29.90,
    null,
    '10-14 min',
    null,
    false,
    true,
    2
  ),
  (
    '2b52fe0a-4d31-4afb-8a44-b5ce1ec24010',
    'e7c1df1d-3b6f-4a2e-83bf-47d8dd7c2003',
    '9f0e2f4b-b9bb-4c1f-9fb6-78d181fa3009',
    'Suco Glow',
    'Laranja, cenoura, maçã e gengibre.',
    'https://images.unsplash.com/photo-1623065422902-30a2d299bbe4?auto=format&fit=crop&w=1000&q=80',
    14.90,
    null,
    '5 min',
    null,
    false,
    true,
    3
  ),
  (
    '2b52fe0a-4d31-4afb-8a44-b5ce1ec24011',
    'e7c1df1d-3b6f-4a2e-83bf-47d8dd7c2004',
    '9f0e2f4b-b9bb-4c1f-9fb6-78d181fa3010',
    'Mix nuts artesanal',
    'Castanhas tostadas e frutas secas em embalagem de 180g.',
    'https://images.unsplash.com/photo-1509440159596-0249088772ff?auto=format&fit=crop&w=1000&q=80',
    21.40,
    null,
    '8 min',
    null,
    false,
    true,
    1
  ),
  (
    '2b52fe0a-4d31-4afb-8a44-b5ce1ec24012',
    'e7c1df1d-3b6f-4a2e-83bf-47d8dd7c2004',
    '9f0e2f4b-b9bb-4c1f-9fb6-78d181fa3011',
    'Kombucha de hibisco',
    'Garrafa 350ml, gaseificação natural e baixo açúcar.',
    'https://images.unsplash.com/photo-1513558161293-cdaf765ed2fd?auto=format&fit=crop&w=1000&q=80',
    13.20,
    null,
    '8 min',
    null,
    false,
    true,
    2
  )
on conflict (id) do nothing;
